{
  "jobs": [
    {
      "id": 1,
      "title": "Full Stack Developer",
      "description": "Build web applications using modern JS stacks.",
      "type": "Remote",
      "location": "Remote"
    },
    {
      "id": 2,
      "title": "Content Writer",
      "description": "Produce SEO-friendly articles and blog posts.",
      "type": "Remote",
      "location": "Remote"
    },
    {
      "id": 3,
      "title": "Digital Marketing Specialist",
      "description": "Run ads and manage social channels.",
      "type": "Remote",
      "location": "Remote"
    },
    {
      "id": 4,
      "title": "Virtual Assistant",
      "description": "Support executives with scheduling and admin tasks.",
      "type": "Remote",
      "location": "Remote"
    },
    {
      "id": 5,
      "title": "Customer Success Manager",
      "description": "Manage client relationships remotely.",
      "type": "Remote",
      "location": "Remote"
    },
    {
      "id": 6,
      "title": "Office Administrator",
      "description": "Manage office tasks and support HR in Entebbe.",
      "type": "Onsite",
      "location": "Entebbe"
    },
    {
      "id": 7,
      "title": "IT Support Technician",
      "description": "Maintain office systems and hardware.",
      "type": "Onsite",
      "location": "Entebbe"
    },
    {
      "id": 8,
      "title": "Receptionist",
      "description": "Welcome visitors and manage communications.",
      "type": "Onsite",
      "location": "Entebbe"
    },
    {
      "id": 9,
      "title": "Sales Executive",
      "description": "Drive local sales and partnerships.",
      "type": "Onsite",
      "location": "Kampala"
    },
    {
      "id": 10,
      "title": "Logistics Coordinator",
      "description": "Coordinate deliveries and vendor communication.",
      "type": "Onsite",
      "location": "Entebbe"
    }
  ]
}